{
    "mean_metrics": {
        "total_oob_loss": 110.97916666666669,
        "total_mbl_loss": 90.6104166666667,
        "total_pbl_loss": 201.5895833333334,
        "valid_scene_ratio_pbl": 0.62,
        "valid_scene_ratio_json": 1.0,
        "txt_pms_score": 0.7202396825396825,
        "txt_pms_sampled_score": 0.6902444444444443,
        "fid_score_diag": 38.22666666666667,
        "fid_clip_score_diag": 1.7366666666666666,
        "kid_score_diag": 2.0400000000000005,
        "fid_score_top": 43.74666666666667,
        "fid_clip_score_top": 2.5400000000000005,
        "kid_score_top": 1.83,
        "diversity_score_top": 15.88
    },
    "std_metrics": {
        "total_oob_loss": 6.310840423210069,
        "total_mbl_loss": 5.145475222356907,
        "total_pbl_loss": 6.011321295873512,
        "valid_scene_ratio_pbl": 0.015577761927397245,
        "valid_scene_ratio_json": 0.0,
        "txt_pms_score": 0.008038145389647727,
        "txt_pms_sampled_score": 0.0063114604195753385,
        "fid_score_diag": 0.3781827894315418,
        "fid_clip_score_diag": 0.004714045207910321,
        "kid_score_diag": 0.5324158775493709,
        "fid_score_top": 0.23113247764479553,
        "fid_clip_score_top": 0.043204937989385774,
        "kid_score_top": 0.18055470085267783,
        "diversity_score_top": 0.18384776310850262
    },
    "print_metrics": {
        "fid_score_top": "43.75 (+/- 0.23)",
        "fid_clip_score_top": "2.54 (+/- 0.04)",
        "kid_score_top": "1.83 (+/- 0.18) (x 0.001)",
        "total_oob_loss": "110.98 (+/- 6.31) (x 0.001)",
        "total_mbl_loss": "90.61 (+/- 5.15) (x 0.001)",
        "total_pbl_loss": "201.59 (+/- 6.01) (x 0.001)",
        "valid_scene_ratio_pbl": "0.62 (+/- 0.02)",
        "valid_scene_ratio_json": "1.00 (+/- 0.00)",
        "txt_pms_score": "0.72 (+/- 0.01)",
        "txt_pms_sampled_score": "0.69 (+/- 0.01)",
        "diversity_score_top": "15.88 (+/- 0.18)"
    },
    "all_n_samples_actual": [
        500,
        500,
        500
    ]
}