{
    "mean_metrics": {
        "total_oob_loss": 34.915666666666674,
        "total_mbl_loss": 10.515583333333336,
        "total_pbl_loss": 45.43125000000001,
        "valid_scene_ratio_pbl": 0.9113333333333333,
        "valid_scene_ratio_json": 1.0,
        "txt_pms_score": 0.8718142857142857,
        "txt_pms_sampled_score": 0.8365031746031746,
        "delta_oob_loss": 24.635666666666676,
        "delta_mbl_loss": 7.361666666666669,
        "delta_pbl_loss": 31.99733333333334,
        "fid_score_diag": 24.763333333333332,
        "fid_clip_score_diag": 1.0066666666666666,
        "kid_score_diag": 0.12,
        "fid_score_top": 31.936666666666667,
        "fid_clip_score_top": 1.4133333333333333,
        "kid_score_top": 0.24333333333333332,
        "diversity_score_top": 14.836666666666666
    },
    "std_metrics": {
        "total_oob_loss": 7.694338550013395,
        "total_mbl_loss": 0.7196785837364394,
        "total_pbl_loss": 8.17606592693985,
        "valid_scene_ratio_pbl": 0.0024944382578492965,
        "valid_scene_ratio_json": 0.0,
        "txt_pms_score": 0.005921209810805773,
        "txt_pms_sampled_score": 0.007580797172110295,
        "delta_oob_loss": 7.781351859663522,
        "delta_mbl_loss": 0.38965076956451955,
        "delta_pbl_loss": 7.813540214304626,
        "fid_score_diag": 0.14817407180595218,
        "fid_clip_score_diag": 0.016996731711975962,
        "kid_score_diag": 0.09416297927883689,
        "fid_score_top": 0.09285592184789496,
        "fid_clip_score_top": 0.009428090415820642,
        "kid_score_top": 0.08379870059984358,
        "diversity_score_top": 0.21929178937864702
    },
    "print_metrics": {
        "fid_score_top": "31.94 (+/- 0.09)",
        "fid_clip_score_top": "1.41 (+/- 0.01)",
        "kid_score_top": "0.24 (+/- 0.08) (x 0.001)",
        "total_oob_loss": "34.92 (+/- 7.69) (x 0.001)",
        "total_mbl_loss": "10.52 (+/- 0.72) (x 0.001)",
        "total_pbl_loss": "45.43 (+/- 8.18) (x 0.001)",
        "delta_oob_loss": "24.64 (+/- 7.78) (x 0.001)",
        "delta_mbl_loss": "7.36 (+/- 0.39) (x 0.001)",
        "delta_pbl_loss": "32.00 (+/- 7.81) (x 0.001)",
        "valid_scene_ratio_pbl": "0.91 (+/- 0.00)",
        "valid_scene_ratio_json": "1.00 (+/- 0.00)",
        "txt_pms_score": "0.87 (+/- 0.01)",
        "txt_pms_sampled_score": "0.84 (+/- 0.01)",
        "diversity_score_top": "14.84 (+/- 0.22)"
    },
    "all_n_samples_actual": [
        500,
        500,
        500
    ]
}